id,sra_id,output
homo_sapiens_indrop_transplant_kidney_srr6506827,SRR6506827,s3://olgabot-maca/sra/homo_sapiens/indrop/transplant_kidney_prjna431401/
homo_sapiens_indrop_transplant_kidney_srr6506828,SRR6506828,s3://olgabot-maca/sra/homo_sapiens/indrop/transplant_kidney_prjna431401/
homo_sapiens_indrop_transplant_kidney_srr6506829,SRR6506829,s3://olgabot-maca/sra/homo_sapiens/indrop/transplant_kidney_prjna431401/
homo_sapiens_indrop_transplant_kidney_srr6506830,SRR6506830,s3://olgabot-maca/sra/homo_sapiens/indrop/transplant_kidney_prjna431401/
homo_sapiens_indrop_transplant_kidney_srr6506831,SRR6506831,s3://olgabot-maca/sra/homo_sapiens/indrop/transplant_kidney_prjna431401/
homo_sapiens_indrop_transplant_kidney_srr6506832,SRR6506832,s3://olgabot-maca/sra/homo_sapiens/indrop/transplant_kidney_prjna431401/
homo_sapiens_indrop_transplant_kidney_srr6506833,SRR6506833,s3://olgabot-maca/sra/homo_sapiens/indrop/transplant_kidney_prjna431401/
homo_sapiens_indrop_human_kidney_srr7130925,SRR7130925,s3://olgabot-maca/sra/homo_sapiens/indrop/human_kidney_prjna464435/
danio_rerio_indrop_whole_kidney_marrow_srr5810670,SRR5810670,s3://olgabot-maca/sra/danio_rerio/indrop/whole_kidney_marrow_prjna393429/
danio_rerio_indrop_whole_kidney_marrow_srr5810671,SRR5810671,s3://olgabot-maca/sra/danio_rerio/indrop/whole_kidney_marrow_prjna393429/
danio_rerio_indrop_whole_kidney_marrow_srr5810672,SRR5810672,s3://olgabot-maca/sra/danio_rerio/indrop/whole_kidney_marrow_prjna393429/
danio_rerio_indrop_whole_kidney_marrow_srr5810673,SRR5810673,s3://olgabot-maca/sra/danio_rerio/indrop/whole_kidney_marrow_prjna393429/
danio_rerio_indrop_whole_kidney_marrow_srr5810674,SRR5810674,s3://olgabot-maca/sra/danio_rerio/indrop/whole_kidney_marrow_prjna393429/
danio_rerio_indrop_whole_kidney_marrow_srr5810675,SRR5810675,s3://olgabot-maca/sra/danio_rerio/indrop/whole_kidney_marrow_prjna393429/
danio_rerio_indrop_whole_kidney_marrow_srr5810676,SRR5810676,s3://olgabot-maca/sra/danio_rerio/indrop/whole_kidney_marrow_prjna393429/
danio_rerio_indrop_whole_kidney_marrow_srr5810677,SRR5810677,s3://olgabot-maca/sra/danio_rerio/indrop/whole_kidney_marrow_prjna393429/
danio_rerio_indrop_whole_kidney_marrow_srr5810678,SRR5810678,s3://olgabot-maca/sra/danio_rerio/indrop/whole_kidney_marrow_prjna393429/
danio_rerio_indrop_whole_kidney_marrow_srr5810679,SRR5810679,s3://olgabot-maca/sra/danio_rerio/indrop/whole_kidney_marrow_prjna393429/
danio_rerio_indrop_whole_kidney_marrow_srr5810680,SRR5810680,s3://olgabot-maca/sra/danio_rerio/indrop/whole_kidney_marrow_prjna393429/
danio_rerio_indrop_whole_kidney_marrow_srr5810681,SRR5810681,s3://olgabot-maca/sra/danio_rerio/indrop/whole_kidney_marrow_prjna393429/
danio_rerio_indrop_whole_kidney_marrow_srr5810682,SRR5810682,s3://olgabot-maca/sra/danio_rerio/indrop/whole_kidney_marrow_prjna393429/
danio_rerio_indrop_whole_kidney_marrow_srr5810683,SRR5810683,s3://olgabot-maca/sra/danio_rerio/indrop/whole_kidney_marrow_prjna393429/
danio_rerio_indrop_whole_kidney_marrow_srr5810684,SRR5810684,s3://olgabot-maca/sra/danio_rerio/indrop/whole_kidney_marrow_prjna393429/
danio_rerio_indrop_whole_kidney_marrow_srr5810685,SRR5810685,s3://olgabot-maca/sra/danio_rerio/indrop/whole_kidney_marrow_prjna393429/
danio_rerio_smart-seq_whole_kidney_marrow_srr5810686,SRR5810686,s3://olgabot-maca/sra/danio_rerio/smart-seq/whole_kidney_marrow_prjna393431/
danio_rerio_smart-seq_whole_kidney_marrow_srr5810687,SRR5810687,s3://olgabot-maca/sra/danio_rerio/smart-seq/whole_kidney_marrow_prjna393431/
danio_rerio_smart-seq_whole_kidney_marrow_srr5810688,SRR5810688,s3://olgabot-maca/sra/danio_rerio/smart-seq/whole_kidney_marrow_prjna393431/
danio_rerio_smart-seq_whole_kidney_marrow_srr5810689,SRR5810689,s3://olgabot-maca/sra/danio_rerio/smart-seq/whole_kidney_marrow_prjna393431/
danio_rerio_smart-seq_whole_kidney_marrow_srr5810690,SRR5810690,s3://olgabot-maca/sra/danio_rerio/smart-seq/whole_kidney_marrow_prjna393431/
danio_rerio_smart-seq_whole_kidney_marrow_srr5810691,SRR5810691,s3://olgabot-maca/sra/danio_rerio/smart-seq/whole_kidney_marrow_prjna393431/
danio_rerio_smart-seq_whole_kidney_marrow_srr5810692,SRR5810692,s3://olgabot-maca/sra/danio_rerio/smart-seq/whole_kidney_marrow_prjna393431/
danio_rerio_smart-seq_whole_kidney_marrow_srr5810693,SRR5810693,s3://olgabot-maca/sra/danio_rerio/smart-seq/whole_kidney_marrow_prjna393431/
danio_rerio_smart-seq_whole_kidney_marrow_srr5810694,SRR5810694,s3://olgabot-maca/sra/danio_rerio/smart-seq/whole_kidney_marrow_prjna393431/
danio_rerio_smart-seq_whole_kidney_marrow_srr5810695,SRR5810695,s3://olgabot-maca/sra/danio_rerio/smart-seq/whole_kidney_marrow_prjna393431/
danio_rerio_smart-seq_whole_kidney_marrow_srr5810696,SRR5810696,s3://olgabot-maca/sra/danio_rerio/smart-seq/whole_kidney_marrow_prjna393431/
danio_rerio_smart-seq_whole_kidney_marrow_srr5810697,SRR5810697,s3://olgabot-maca/sra/danio_rerio/smart-seq/whole_kidney_marrow_prjna393431/
danio_rerio_smart-seq_whole_kidney_marrow_srr5810698,SRR5810698,s3://olgabot-maca/sra/danio_rerio/smart-seq/whole_kidney_marrow_prjna393431/
danio_rerio_smart-seq_whole_kidney_marrow_srr5810699,SRR5810699,s3://olgabot-maca/sra/danio_rerio/smart-seq/whole_kidney_marrow_prjna393431/
danio_rerio_smart-seq_whole_kidney_marrow_srr5810700,SRR5810700,s3://olgabot-maca/sra/danio_rerio/smart-seq/whole_kidney_marrow_prjna393431/
danio_rerio_smart-seq_whole_kidney_marrow_srr5810701,SRR5810701,s3://olgabot-maca/sra/danio_rerio/smart-seq/whole_kidney_marrow_prjna393431/
danio_rerio_smart-seq_whole_kidney_marrow_srr5810702,SRR5810702,s3://olgabot-maca/sra/danio_rerio/smart-seq/whole_kidney_marrow_prjna393431/
danio_rerio_smart-seq_whole_kidney_marrow_srr5810703,SRR5810703,s3://olgabot-maca/sra/danio_rerio/smart-seq/whole_kidney_marrow_prjna393431/
danio_rerio_smart-seq_whole_kidney_marrow_srr5810704,SRR5810704,s3://olgabot-maca/sra/danio_rerio/smart-seq/whole_kidney_marrow_prjna393431/
danio_rerio_smart-seq_whole_kidney_marrow_srr5810705,SRR5810705,s3://olgabot-maca/sra/danio_rerio/smart-seq/whole_kidney_marrow_prjna393431/
danio_rerio_smart-seq_whole_kidney_marrow_srr5810706,SRR5810706,s3://olgabot-maca/sra/danio_rerio/smart-seq/whole_kidney_marrow_prjna393431/
danio_rerio_smart-seq_whole_kidney_marrow_srr5810707,SRR5810707,s3://olgabot-maca/sra/danio_rerio/smart-seq/whole_kidney_marrow_prjna393431/
danio_rerio_smart-seq_whole_kidney_marrow_srr5810708,SRR5810708,s3://olgabot-maca/sra/danio_rerio/smart-seq/whole_kidney_marrow_prjna393431/
danio_rerio_smart-seq_whole_kidney_marrow_srr5810709,SRR5810709,s3://olgabot-maca/sra/danio_rerio/smart-seq/whole_kidney_marrow_prjna393431/
danio_rerio_smart-seq_whole_kidney_marrow_srr5810710,SRR5810710,s3://olgabot-maca/sra/danio_rerio/smart-seq/whole_kidney_marrow_prjna393431/
danio_rerio_smart-seq_whole_kidney_marrow_srr5810711,SRR5810711,s3://olgabot-maca/sra/danio_rerio/smart-seq/whole_kidney_marrow_prjna393431/
danio_rerio_smart-seq_whole_kidney_marrow_srr5810712,SRR5810712,s3://olgabot-maca/sra/danio_rerio/smart-seq/whole_kidney_marrow_prjna393431/
danio_rerio_smart-seq_whole_kidney_marrow_srr5810713,SRR5810713,s3://olgabot-maca/sra/danio_rerio/smart-seq/whole_kidney_marrow_prjna393431/
danio_rerio_smart-seq_whole_kidney_marrow_srr5810714,SRR5810714,s3://olgabot-maca/sra/danio_rerio/smart-seq/whole_kidney_marrow_prjna393431/
danio_rerio_smart-seq_whole_kidney_marrow_srr5810715,SRR5810715,s3://olgabot-maca/sra/danio_rerio/smart-seq/whole_kidney_marrow_prjna393431/
danio_rerio_smart-seq_whole_kidney_marrow_srr5810716,SRR5810716,s3://olgabot-maca/sra/danio_rerio/smart-seq/whole_kidney_marrow_prjna393431/
danio_rerio_smart-seq_whole_kidney_marrow_srr5810717,SRR5810717,s3://olgabot-maca/sra/danio_rerio/smart-seq/whole_kidney_marrow_prjna393431/
danio_rerio_smart-seq_whole_kidney_marrow_srr5810718,SRR5810718,s3://olgabot-maca/sra/danio_rerio/smart-seq/whole_kidney_marrow_prjna393431/
danio_rerio_smart-seq_whole_kidney_marrow_srr5810719,SRR5810719,s3://olgabot-maca/sra/danio_rerio/smart-seq/whole_kidney_marrow_prjna393431/
danio_rerio_smart-seq_whole_kidney_marrow_srr5810720,SRR5810720,s3://olgabot-maca/sra/danio_rerio/smart-seq/whole_kidney_marrow_prjna393431/
danio_rerio_smart-seq_whole_kidney_marrow_srr5810721,SRR5810721,s3://olgabot-maca/sra/danio_rerio/smart-seq/whole_kidney_marrow_prjna393431/
danio_rerio_smart-seq_whole_kidney_marrow_srr5810722,SRR5810722,s3://olgabot-maca/sra/danio_rerio/smart-seq/whole_kidney_marrow_prjna393431/
danio_rerio_smart-seq_whole_kidney_marrow_srr5810723,SRR5810723,s3://olgabot-maca/sra/danio_rerio/smart-seq/whole_kidney_marrow_prjna393431/
danio_rerio_smart-seq_whole_kidney_marrow_srr5810724,SRR5810724,s3://olgabot-maca/sra/danio_rerio/smart-seq/whole_kidney_marrow_prjna393431/
danio_rerio_smart-seq_whole_kidney_marrow_srr5810725,SRR5810725,s3://olgabot-maca/sra/danio_rerio/smart-seq/whole_kidney_marrow_prjna393431/
danio_rerio_smart-seq_whole_kidney_marrow_srr5810726,SRR5810726,s3://olgabot-maca/sra/danio_rerio/smart-seq/whole_kidney_marrow_prjna393431/
danio_rerio_smart-seq_whole_kidney_marrow_srr5810727,SRR5810727,s3://olgabot-maca/sra/danio_rerio/smart-seq/whole_kidney_marrow_prjna393431/
danio_rerio_smart-seq_whole_kidney_marrow_srr5810728,SRR5810728,s3://olgabot-maca/sra/danio_rerio/smart-seq/whole_kidney_marrow_prjna393431/
danio_rerio_smart-seq_whole_kidney_marrow_srr5810729,SRR5810729,s3://olgabot-maca/sra/danio_rerio/smart-seq/whole_kidney_marrow_prjna393431/
danio_rerio_smart-seq_whole_kidney_marrow_srr5810730,SRR5810730,s3://olgabot-maca/sra/danio_rerio/smart-seq/whole_kidney_marrow_prjna393431/
danio_rerio_smart-seq_whole_kidney_marrow_srr5810731,SRR5810731,s3://olgabot-maca/sra/danio_rerio/smart-seq/whole_kidney_marrow_prjna393431/
danio_rerio_smart-seq_whole_kidney_marrow_srr5810732,SRR5810732,s3://olgabot-maca/sra/danio_rerio/smart-seq/whole_kidney_marrow_prjna393431/
danio_rerio_smart-seq_whole_kidney_marrow_srr5810733,SRR5810733,s3://olgabot-maca/sra/danio_rerio/smart-seq/whole_kidney_marrow_prjna393431/
danio_rerio_smart-seq_whole_kidney_marrow_srr5810734,SRR5810734,s3://olgabot-maca/sra/danio_rerio/smart-seq/whole_kidney_marrow_prjna393431/
danio_rerio_smart-seq_whole_kidney_marrow_srr5810735,SRR5810735,s3://olgabot-maca/sra/danio_rerio/smart-seq/whole_kidney_marrow_prjna393431/
danio_rerio_smart-seq_whole_kidney_marrow_srr5810736,SRR5810736,s3://olgabot-maca/sra/danio_rerio/smart-seq/whole_kidney_marrow_prjna393431/
danio_rerio_smart-seq_whole_kidney_marrow_srr5810737,SRR5810737,s3://olgabot-maca/sra/danio_rerio/smart-seq/whole_kidney_marrow_prjna393431/
danio_rerio_smart-seq_whole_kidney_marrow_srr5810738,SRR5810738,s3://olgabot-maca/sra/danio_rerio/smart-seq/whole_kidney_marrow_prjna393431/
danio_rerio_smart-seq_whole_kidney_marrow_srr5810739,SRR5810739,s3://olgabot-maca/sra/danio_rerio/smart-seq/whole_kidney_marrow_prjna393431/
danio_rerio_smart-seq_whole_kidney_marrow_srr5810740,SRR5810740,s3://olgabot-maca/sra/danio_rerio/smart-seq/whole_kidney_marrow_prjna393431/
danio_rerio_smart-seq_whole_kidney_marrow_srr5810741,SRR5810741,s3://olgabot-maca/sra/danio_rerio/smart-seq/whole_kidney_marrow_prjna393431/
danio_rerio_smart-seq_whole_kidney_marrow_srr5810742,SRR5810742,s3://olgabot-maca/sra/danio_rerio/smart-seq/whole_kidney_marrow_prjna393431/
danio_rerio_smart-seq_whole_kidney_marrow_srr5810743,SRR5810743,s3://olgabot-maca/sra/danio_rerio/smart-seq/whole_kidney_marrow_prjna393431/
danio_rerio_smart-seq_whole_kidney_marrow_srr5810744,SRR5810744,s3://olgabot-maca/sra/danio_rerio/smart-seq/whole_kidney_marrow_prjna393431/
danio_rerio_smart-seq_whole_kidney_marrow_srr5810745,SRR5810745,s3://olgabot-maca/sra/danio_rerio/smart-seq/whole_kidney_marrow_prjna393431/
danio_rerio_smart-seq_whole_kidney_marrow_srr5810746,SRR5810746,s3://olgabot-maca/sra/danio_rerio/smart-seq/whole_kidney_marrow_prjna393431/
danio_rerio_smart-seq_whole_kidney_marrow_srr5810747,SRR5810747,s3://olgabot-maca/sra/danio_rerio/smart-seq/whole_kidney_marrow_prjna393431/
danio_rerio_smart-seq_whole_kidney_marrow_srr5810748,SRR5810748,s3://olgabot-maca/sra/danio_rerio/smart-seq/whole_kidney_marrow_prjna393431/
danio_rerio_smart-seq_whole_kidney_marrow_srr5810749,SRR5810749,s3://olgabot-maca/sra/danio_rerio/smart-seq/whole_kidney_marrow_prjna393431/
danio_rerio_smart-seq_whole_kidney_marrow_srr5810750,SRR5810750,s3://olgabot-maca/sra/danio_rerio/smart-seq/whole_kidney_marrow_prjna393431/
danio_rerio_smart-seq_whole_kidney_marrow_srr5810751,SRR5810751,s3://olgabot-maca/sra/danio_rerio/smart-seq/whole_kidney_marrow_prjna393431/
danio_rerio_smart-seq_whole_kidney_marrow_srr5810752,SRR5810752,s3://olgabot-maca/sra/danio_rerio/smart-seq/whole_kidney_marrow_prjna393431/
danio_rerio_smart-seq_whole_kidney_marrow_srr5810753,SRR5810753,s3://olgabot-maca/sra/danio_rerio/smart-seq/whole_kidney_marrow_prjna393431/
danio_rerio_smart-seq_whole_kidney_marrow_srr5810754,SRR5810754,s3://olgabot-maca/sra/danio_rerio/smart-seq/whole_kidney_marrow_prjna393431/
danio_rerio_smart-seq_whole_kidney_marrow_srr5810755,SRR5810755,s3://olgabot-maca/sra/danio_rerio/smart-seq/whole_kidney_marrow_prjna393431/
danio_rerio_smart-seq_whole_kidney_marrow_srr5810756,SRR5810756,s3://olgabot-maca/sra/danio_rerio/smart-seq/whole_kidney_marrow_prjna393431/
danio_rerio_smart-seq_whole_kidney_marrow_srr5810757,SRR5810757,s3://olgabot-maca/sra/danio_rerio/smart-seq/whole_kidney_marrow_prjna393431/
danio_rerio_smart-seq_whole_kidney_marrow_srr5810758,SRR5810758,s3://olgabot-maca/sra/danio_rerio/smart-seq/whole_kidney_marrow_prjna393431/
danio_rerio_smart-seq_whole_kidney_marrow_srr5810759,SRR5810759,s3://olgabot-maca/sra/danio_rerio/smart-seq/whole_kidney_marrow_prjna393431/
danio_rerio_smart-seq_whole_kidney_marrow_srr5810760,SRR5810760,s3://olgabot-maca/sra/danio_rerio/smart-seq/whole_kidney_marrow_prjna393431/
danio_rerio_smart-seq_whole_kidney_marrow_srr5810761,SRR5810761,s3://olgabot-maca/sra/danio_rerio/smart-seq/whole_kidney_marrow_prjna393431/
danio_rerio_smart-seq_whole_kidney_marrow_srr5810762,SRR5810762,s3://olgabot-maca/sra/danio_rerio/smart-seq/whole_kidney_marrow_prjna393431/
danio_rerio_smart-seq_whole_kidney_marrow_srr5810763,SRR5810763,s3://olgabot-maca/sra/danio_rerio/smart-seq/whole_kidney_marrow_prjna393431/
danio_rerio_smart-seq_whole_kidney_marrow_srr5810764,SRR5810764,s3://olgabot-maca/sra/danio_rerio/smart-seq/whole_kidney_marrow_prjna393431/
danio_rerio_smart-seq_whole_kidney_marrow_srr5810765,SRR5810765,s3://olgabot-maca/sra/danio_rerio/smart-seq/whole_kidney_marrow_prjna393431/
danio_rerio_smart-seq_whole_kidney_marrow_srr5810766,SRR5810766,s3://olgabot-maca/sra/danio_rerio/smart-seq/whole_kidney_marrow_prjna393431/
danio_rerio_smart-seq_whole_kidney_marrow_srr5810767,SRR5810767,s3://olgabot-maca/sra/danio_rerio/smart-seq/whole_kidney_marrow_prjna393431/
danio_rerio_smart-seq_whole_kidney_marrow_srr5810768,SRR5810768,s3://olgabot-maca/sra/danio_rerio/smart-seq/whole_kidney_marrow_prjna393431/
danio_rerio_smart-seq_whole_kidney_marrow_srr5810769,SRR5810769,s3://olgabot-maca/sra/danio_rerio/smart-seq/whole_kidney_marrow_prjna393431/
danio_rerio_smart-seq_whole_kidney_marrow_srr5810770,SRR5810770,s3://olgabot-maca/sra/danio_rerio/smart-seq/whole_kidney_marrow_prjna393431/
danio_rerio_smart-seq_whole_kidney_marrow_srr5810771,SRR5810771,s3://olgabot-maca/sra/danio_rerio/smart-seq/whole_kidney_marrow_prjna393431/
danio_rerio_smart-seq_whole_kidney_marrow_srr5810772,SRR5810772,s3://olgabot-maca/sra/danio_rerio/smart-seq/whole_kidney_marrow_prjna393431/
danio_rerio_smart-seq_whole_kidney_marrow_srr5810773,SRR5810773,s3://olgabot-maca/sra/danio_rerio/smart-seq/whole_kidney_marrow_prjna393431/
danio_rerio_smart-seq_whole_kidney_marrow_srr5810774,SRR5810774,s3://olgabot-maca/sra/danio_rerio/smart-seq/whole_kidney_marrow_prjna393431/
danio_rerio_smart-seq_whole_kidney_marrow_srr5810775,SRR5810775,s3://olgabot-maca/sra/danio_rerio/smart-seq/whole_kidney_marrow_prjna393431/
danio_rerio_smart-seq_whole_kidney_marrow_srr5810776,SRR5810776,s3://olgabot-maca/sra/danio_rerio/smart-seq/whole_kidney_marrow_prjna393431/
danio_rerio_smart-seq_whole_kidney_marrow_srr5810777,SRR5810777,s3://olgabot-maca/sra/danio_rerio/smart-seq/whole_kidney_marrow_prjna393431/
danio_rerio_smart-seq_whole_kidney_marrow_srr5810778,SRR5810778,s3://olgabot-maca/sra/danio_rerio/smart-seq/whole_kidney_marrow_prjna393431/
danio_rerio_smart-seq_whole_kidney_marrow_srr5810779,SRR5810779,s3://olgabot-maca/sra/danio_rerio/smart-seq/whole_kidney_marrow_prjna393431/
danio_rerio_smart-seq_whole_kidney_marrow_srr5810780,SRR5810780,s3://olgabot-maca/sra/danio_rerio/smart-seq/whole_kidney_marrow_prjna393431/
danio_rerio_smart-seq_whole_kidney_marrow_srr5810781,SRR5810781,s3://olgabot-maca/sra/danio_rerio/smart-seq/whole_kidney_marrow_prjna393431/
danio_rerio_smart-seq_whole_kidney_marrow_srr5810782,SRR5810782,s3://olgabot-maca/sra/danio_rerio/smart-seq/whole_kidney_marrow_prjna393431/
danio_rerio_smart-seq_whole_kidney_marrow_srr5810783,SRR5810783,s3://olgabot-maca/sra/danio_rerio/smart-seq/whole_kidney_marrow_prjna393431/
danio_rerio_smart-seq_whole_kidney_marrow_srr5810784,SRR5810784,s3://olgabot-maca/sra/danio_rerio/smart-seq/whole_kidney_marrow_prjna393431/
danio_rerio_smart-seq_whole_kidney_marrow_srr5810785,SRR5810785,s3://olgabot-maca/sra/danio_rerio/smart-seq/whole_kidney_marrow_prjna393431/
danio_rerio_smart-seq_whole_kidney_marrow_srr5810786,SRR5810786,s3://olgabot-maca/sra/danio_rerio/smart-seq/whole_kidney_marrow_prjna393431/
danio_rerio_smart-seq_whole_kidney_marrow_srr5810787,SRR5810787,s3://olgabot-maca/sra/danio_rerio/smart-seq/whole_kidney_marrow_prjna393431/
danio_rerio_smart-seq_whole_kidney_marrow_srr5810788,SRR5810788,s3://olgabot-maca/sra/danio_rerio/smart-seq/whole_kidney_marrow_prjna393431/
danio_rerio_smart-seq_whole_kidney_marrow_srr5810789,SRR5810789,s3://olgabot-maca/sra/danio_rerio/smart-seq/whole_kidney_marrow_prjna393431/
danio_rerio_smart-seq_whole_kidney_marrow_srr5810790,SRR5810790,s3://olgabot-maca/sra/danio_rerio/smart-seq/whole_kidney_marrow_prjna393431/
danio_rerio_smart-seq_whole_kidney_marrow_srr5810791,SRR5810791,s3://olgabot-maca/sra/danio_rerio/smart-seq/whole_kidney_marrow_prjna393431/
danio_rerio_smart-seq_whole_kidney_marrow_srr5810792,SRR5810792,s3://olgabot-maca/sra/danio_rerio/smart-seq/whole_kidney_marrow_prjna393431/
danio_rerio_smart-seq_whole_kidney_marrow_srr5810793,SRR5810793,s3://olgabot-maca/sra/danio_rerio/smart-seq/whole_kidney_marrow_prjna393431/
danio_rerio_smart-seq_whole_kidney_marrow_srr5810794,SRR5810794,s3://olgabot-maca/sra/danio_rerio/smart-seq/whole_kidney_marrow_prjna393431/
danio_rerio_smart-seq_whole_kidney_marrow_srr5810795,SRR5810795,s3://olgabot-maca/sra/danio_rerio/smart-seq/whole_kidney_marrow_prjna393431/
danio_rerio_smart-seq_whole_kidney_marrow_srr5810796,SRR5810796,s3://olgabot-maca/sra/danio_rerio/smart-seq/whole_kidney_marrow_prjna393431/
danio_rerio_smart-seq_whole_kidney_marrow_srr5810797,SRR5810797,s3://olgabot-maca/sra/danio_rerio/smart-seq/whole_kidney_marrow_prjna393431/
danio_rerio_smart-seq_whole_kidney_marrow_srr5810798,SRR5810798,s3://olgabot-maca/sra/danio_rerio/smart-seq/whole_kidney_marrow_prjna393431/
danio_rerio_smart-seq_whole_kidney_marrow_srr5810799,SRR5810799,s3://olgabot-maca/sra/danio_rerio/smart-seq/whole_kidney_marrow_prjna393431/
danio_rerio_smart-seq_whole_kidney_marrow_srr5810800,SRR5810800,s3://olgabot-maca/sra/danio_rerio/smart-seq/whole_kidney_marrow_prjna393431/
danio_rerio_smart-seq_whole_kidney_marrow_srr5810801,SRR5810801,s3://olgabot-maca/sra/danio_rerio/smart-seq/whole_kidney_marrow_prjna393431/
danio_rerio_smart-seq_whole_kidney_marrow_srr5810802,SRR5810802,s3://olgabot-maca/sra/danio_rerio/smart-seq/whole_kidney_marrow_prjna393431/
danio_rerio_smart-seq_whole_kidney_marrow_srr5810803,SRR5810803,s3://olgabot-maca/sra/danio_rerio/smart-seq/whole_kidney_marrow_prjna393431/
danio_rerio_smart-seq_whole_kidney_marrow_srr5810804,SRR5810804,s3://olgabot-maca/sra/danio_rerio/smart-seq/whole_kidney_marrow_prjna393431/
danio_rerio_smart-seq_whole_kidney_marrow_srr5810805,SRR5810805,s3://olgabot-maca/sra/danio_rerio/smart-seq/whole_kidney_marrow_prjna393431/
danio_rerio_smart-seq_whole_kidney_marrow_srr5810806,SRR5810806,s3://olgabot-maca/sra/danio_rerio/smart-seq/whole_kidney_marrow_prjna393431/
danio_rerio_smart-seq_whole_kidney_marrow_srr5810807,SRR5810807,s3://olgabot-maca/sra/danio_rerio/smart-seq/whole_kidney_marrow_prjna393431/
danio_rerio_smart-seq_whole_kidney_marrow_srr5810808,SRR5810808,s3://olgabot-maca/sra/danio_rerio/smart-seq/whole_kidney_marrow_prjna393431/
danio_rerio_smart-seq_whole_kidney_marrow_srr5810809,SRR5810809,s3://olgabot-maca/sra/danio_rerio/smart-seq/whole_kidney_marrow_prjna393431/
danio_rerio_smart-seq_whole_kidney_marrow_srr5810810,SRR5810810,s3://olgabot-maca/sra/danio_rerio/smart-seq/whole_kidney_marrow_prjna393431/
danio_rerio_smart-seq_whole_kidney_marrow_srr5810811,SRR5810811,s3://olgabot-maca/sra/danio_rerio/smart-seq/whole_kidney_marrow_prjna393431/
danio_rerio_smart-seq_whole_kidney_marrow_srr5810812,SRR5810812,s3://olgabot-maca/sra/danio_rerio/smart-seq/whole_kidney_marrow_prjna393431/
danio_rerio_smart-seq_whole_kidney_marrow_srr5810813,SRR5810813,s3://olgabot-maca/sra/danio_rerio/smart-seq/whole_kidney_marrow_prjna393431/
danio_rerio_smart-seq_whole_kidney_marrow_srr5810814,SRR5810814,s3://olgabot-maca/sra/danio_rerio/smart-seq/whole_kidney_marrow_prjna393431/
danio_rerio_smart-seq_whole_kidney_marrow_srr5810815,SRR5810815,s3://olgabot-maca/sra/danio_rerio/smart-seq/whole_kidney_marrow_prjna393431/
danio_rerio_smart-seq_whole_kidney_marrow_srr5810816,SRR5810816,s3://olgabot-maca/sra/danio_rerio/smart-seq/whole_kidney_marrow_prjna393431/
danio_rerio_smart-seq_whole_kidney_marrow_srr5810817,SRR5810817,s3://olgabot-maca/sra/danio_rerio/smart-seq/whole_kidney_marrow_prjna393431/
danio_rerio_smart-seq_whole_kidney_marrow_srr5810818,SRR5810818,s3://olgabot-maca/sra/danio_rerio/smart-seq/whole_kidney_marrow_prjna393431/
danio_rerio_smart-seq_whole_kidney_marrow_srr5810819,SRR5810819,s3://olgabot-maca/sra/danio_rerio/smart-seq/whole_kidney_marrow_prjna393431/
danio_rerio_smart-seq_whole_kidney_marrow_srr5810820,SRR5810820,s3://olgabot-maca/sra/danio_rerio/smart-seq/whole_kidney_marrow_prjna393431/
danio_rerio_smart-seq_whole_kidney_marrow_srr5810821,SRR5810821,s3://olgabot-maca/sra/danio_rerio/smart-seq/whole_kidney_marrow_prjna393431/
danio_rerio_smart-seq_whole_kidney_marrow_srr5810822,SRR5810822,s3://olgabot-maca/sra/danio_rerio/smart-seq/whole_kidney_marrow_prjna393431/
danio_rerio_smart-seq_whole_kidney_marrow_srr5810823,SRR5810823,s3://olgabot-maca/sra/danio_rerio/smart-seq/whole_kidney_marrow_prjna393431/
danio_rerio_smart-seq_whole_kidney_marrow_srr5810824,SRR5810824,s3://olgabot-maca/sra/danio_rerio/smart-seq/whole_kidney_marrow_prjna393431/
danio_rerio_smart-seq_whole_kidney_marrow_srr5810825,SRR5810825,s3://olgabot-maca/sra/danio_rerio/smart-seq/whole_kidney_marrow_prjna393431/
danio_rerio_smart-seq_whole_kidney_marrow_srr5810826,SRR5810826,s3://olgabot-maca/sra/danio_rerio/smart-seq/whole_kidney_marrow_prjna393431/
danio_rerio_smart-seq_whole_kidney_marrow_srr5810827,SRR5810827,s3://olgabot-maca/sra/danio_rerio/smart-seq/whole_kidney_marrow_prjna393431/
danio_rerio_smart-seq_whole_kidney_marrow_srr5810828,SRR5810828,s3://olgabot-maca/sra/danio_rerio/smart-seq/whole_kidney_marrow_prjna393431/
danio_rerio_smart-seq_whole_kidney_marrow_srr5810829,SRR5810829,s3://olgabot-maca/sra/danio_rerio/smart-seq/whole_kidney_marrow_prjna393431/
danio_rerio_smart-seq_whole_kidney_marrow_srr5810830,SRR5810830,s3://olgabot-maca/sra/danio_rerio/smart-seq/whole_kidney_marrow_prjna393431/
danio_rerio_smart-seq_whole_kidney_marrow_srr5810831,SRR5810831,s3://olgabot-maca/sra/danio_rerio/smart-seq/whole_kidney_marrow_prjna393431/
danio_rerio_smart-seq_whole_kidney_marrow_srr5810832,SRR5810832,s3://olgabot-maca/sra/danio_rerio/smart-seq/whole_kidney_marrow_prjna393431/
danio_rerio_smart-seq_whole_kidney_marrow_srr5810833,SRR5810833,s3://olgabot-maca/sra/danio_rerio/smart-seq/whole_kidney_marrow_prjna393431/
danio_rerio_smart-seq_whole_kidney_marrow_srr5810834,SRR5810834,s3://olgabot-maca/sra/danio_rerio/smart-seq/whole_kidney_marrow_prjna393431/
danio_rerio_smart-seq_whole_kidney_marrow_srr5810835,SRR5810835,s3://olgabot-maca/sra/danio_rerio/smart-seq/whole_kidney_marrow_prjna393431/
danio_rerio_smart-seq_whole_kidney_marrow_srr5810836,SRR5810836,s3://olgabot-maca/sra/danio_rerio/smart-seq/whole_kidney_marrow_prjna393431/
danio_rerio_smart-seq_whole_kidney_marrow_srr5810837,SRR5810837,s3://olgabot-maca/sra/danio_rerio/smart-seq/whole_kidney_marrow_prjna393431/
danio_rerio_smart-seq_whole_kidney_marrow_srr5810838,SRR5810838,s3://olgabot-maca/sra/danio_rerio/smart-seq/whole_kidney_marrow_prjna393431/
danio_rerio_smart-seq_whole_kidney_marrow_srr5810839,SRR5810839,s3://olgabot-maca/sra/danio_rerio/smart-seq/whole_kidney_marrow_prjna393431/
danio_rerio_smart-seq_whole_kidney_marrow_srr5810840,SRR5810840,s3://olgabot-maca/sra/danio_rerio/smart-seq/whole_kidney_marrow_prjna393431/
danio_rerio_smart-seq_whole_kidney_marrow_srr5810841,SRR5810841,s3://olgabot-maca/sra/danio_rerio/smart-seq/whole_kidney_marrow_prjna393431/
danio_rerio_smart-seq_whole_kidney_marrow_srr5810842,SRR5810842,s3://olgabot-maca/sra/danio_rerio/smart-seq/whole_kidney_marrow_prjna393431/
danio_rerio_smart-seq_whole_kidney_marrow_srr5810843,SRR5810843,s3://olgabot-maca/sra/danio_rerio/smart-seq/whole_kidney_marrow_prjna393431/
danio_rerio_smart-seq_whole_kidney_marrow_srr5810844,SRR5810844,s3://olgabot-maca/sra/danio_rerio/smart-seq/whole_kidney_marrow_prjna393431/
danio_rerio_smart-seq_whole_kidney_marrow_srr5810845,SRR5810845,s3://olgabot-maca/sra/danio_rerio/smart-seq/whole_kidney_marrow_prjna393431/
danio_rerio_smart-seq_whole_kidney_marrow_srr5810846,SRR5810846,s3://olgabot-maca/sra/danio_rerio/smart-seq/whole_kidney_marrow_prjna393431/
danio_rerio_smart-seq_whole_kidney_marrow_srr5810847,SRR5810847,s3://olgabot-maca/sra/danio_rerio/smart-seq/whole_kidney_marrow_prjna393431/
danio_rerio_smart-seq_whole_kidney_marrow_srr5810848,SRR5810848,s3://olgabot-maca/sra/danio_rerio/smart-seq/whole_kidney_marrow_prjna393431/
danio_rerio_smart-seq_whole_kidney_marrow_srr5810849,SRR5810849,s3://olgabot-maca/sra/danio_rerio/smart-seq/whole_kidney_marrow_prjna393431/
danio_rerio_smart-seq_whole_kidney_marrow_srr5810850,SRR5810850,s3://olgabot-maca/sra/danio_rerio/smart-seq/whole_kidney_marrow_prjna393431/
danio_rerio_smart-seq_whole_kidney_marrow_srr5810851,SRR5810851,s3://olgabot-maca/sra/danio_rerio/smart-seq/whole_kidney_marrow_prjna393431/
danio_rerio_smart-seq_whole_kidney_marrow_srr5810852,SRR5810852,s3://olgabot-maca/sra/danio_rerio/smart-seq/whole_kidney_marrow_prjna393431/
danio_rerio_smart-seq_whole_kidney_marrow_srr5810853,SRR5810853,s3://olgabot-maca/sra/danio_rerio/smart-seq/whole_kidney_marrow_prjna393431/
danio_rerio_smart-seq_whole_kidney_marrow_srr5810854,SRR5810854,s3://olgabot-maca/sra/danio_rerio/smart-seq/whole_kidney_marrow_prjna393431/
danio_rerio_smart-seq_whole_kidney_marrow_srr5810855,SRR5810855,s3://olgabot-maca/sra/danio_rerio/smart-seq/whole_kidney_marrow_prjna393431/
danio_rerio_smart-seq_whole_kidney_marrow_srr5810856,SRR5810856,s3://olgabot-maca/sra/danio_rerio/smart-seq/whole_kidney_marrow_prjna393431/
danio_rerio_smart-seq_whole_kidney_marrow_srr5810857,SRR5810857,s3://olgabot-maca/sra/danio_rerio/smart-seq/whole_kidney_marrow_prjna393431/
danio_rerio_smart-seq_whole_kidney_marrow_srr5810858,SRR5810858,s3://olgabot-maca/sra/danio_rerio/smart-seq/whole_kidney_marrow_prjna393431/
danio_rerio_smart-seq_whole_kidney_marrow_srr5810859,SRR5810859,s3://olgabot-maca/sra/danio_rerio/smart-seq/whole_kidney_marrow_prjna393431/
danio_rerio_smart-seq_whole_kidney_marrow_srr5810860,SRR5810860,s3://olgabot-maca/sra/danio_rerio/smart-seq/whole_kidney_marrow_prjna393431/
danio_rerio_smart-seq_whole_kidney_marrow_srr5810861,SRR5810861,s3://olgabot-maca/sra/danio_rerio/smart-seq/whole_kidney_marrow_prjna393431/
danio_rerio_smart-seq_whole_kidney_marrow_srr5810862,SRR5810862,s3://olgabot-maca/sra/danio_rerio/smart-seq/whole_kidney_marrow_prjna393431/
danio_rerio_smart-seq_whole_kidney_marrow_srr5810863,SRR5810863,s3://olgabot-maca/sra/danio_rerio/smart-seq/whole_kidney_marrow_prjna393431/
danio_rerio_smart-seq_whole_kidney_marrow_srr5810864,SRR5810864,s3://olgabot-maca/sra/danio_rerio/smart-seq/whole_kidney_marrow_prjna393431/
danio_rerio_smart-seq_whole_kidney_marrow_srr5810865,SRR5810865,s3://olgabot-maca/sra/danio_rerio/smart-seq/whole_kidney_marrow_prjna393431/
danio_rerio_smart-seq_whole_kidney_marrow_srr5810866,SRR5810866,s3://olgabot-maca/sra/danio_rerio/smart-seq/whole_kidney_marrow_prjna393431/
danio_rerio_smart-seq_whole_kidney_marrow_srr5810867,SRR5810867,s3://olgabot-maca/sra/danio_rerio/smart-seq/whole_kidney_marrow_prjna393431/
danio_rerio_smart-seq_whole_kidney_marrow_srr5810868,SRR5810868,s3://olgabot-maca/sra/danio_rerio/smart-seq/whole_kidney_marrow_prjna393431/
danio_rerio_smart-seq_whole_kidney_marrow_srr5810869,SRR5810869,s3://olgabot-maca/sra/danio_rerio/smart-seq/whole_kidney_marrow_prjna393431/
danio_rerio_smart-seq_whole_kidney_marrow_srr5810870,SRR5810870,s3://olgabot-maca/sra/danio_rerio/smart-seq/whole_kidney_marrow_prjna393431/
danio_rerio_smart-seq_whole_kidney_marrow_srr5810871,SRR5810871,s3://olgabot-maca/sra/danio_rerio/smart-seq/whole_kidney_marrow_prjna393431/
danio_rerio_smart-seq_whole_kidney_marrow_srr5810872,SRR5810872,s3://olgabot-maca/sra/danio_rerio/smart-seq/whole_kidney_marrow_prjna393431/
danio_rerio_smart-seq_whole_kidney_marrow_srr5810873,SRR5810873,s3://olgabot-maca/sra/danio_rerio/smart-seq/whole_kidney_marrow_prjna393431/
danio_rerio_smart-seq_whole_kidney_marrow_srr5810874,SRR5810874,s3://olgabot-maca/sra/danio_rerio/smart-seq/whole_kidney_marrow_prjna393431/
danio_rerio_smart-seq_whole_kidney_marrow_srr5810875,SRR5810875,s3://olgabot-maca/sra/danio_rerio/smart-seq/whole_kidney_marrow_prjna393431/
danio_rerio_smart-seq_whole_kidney_marrow_srr5810876,SRR5810876,s3://olgabot-maca/sra/danio_rerio/smart-seq/whole_kidney_marrow_prjna393431/
danio_rerio_smart-seq_whole_kidney_marrow_srr5810877,SRR5810877,s3://olgabot-maca/sra/danio_rerio/smart-seq/whole_kidney_marrow_prjna393431/
danio_rerio_smart-seq_whole_kidney_marrow_srr5810878,SRR5810878,s3://olgabot-maca/sra/danio_rerio/smart-seq/whole_kidney_marrow_prjna393431/
danio_rerio_smart-seq_whole_kidney_marrow_srr5810879,SRR5810879,s3://olgabot-maca/sra/danio_rerio/smart-seq/whole_kidney_marrow_prjna393431/
danio_rerio_smart-seq_whole_kidney_marrow_srr5810880,SRR5810880,s3://olgabot-maca/sra/danio_rerio/smart-seq/whole_kidney_marrow_prjna393431/
danio_rerio_smart-seq_whole_kidney_marrow_srr5810881,SRR5810881,s3://olgabot-maca/sra/danio_rerio/smart-seq/whole_kidney_marrow_prjna393431/
danio_rerio_smart-seq_whole_kidney_marrow_srr5810882,SRR5810882,s3://olgabot-maca/sra/danio_rerio/smart-seq/whole_kidney_marrow_prjna393431/
danio_rerio_smart-seq_whole_kidney_marrow_srr5810883,SRR5810883,s3://olgabot-maca/sra/danio_rerio/smart-seq/whole_kidney_marrow_prjna393431/
danio_rerio_smart-seq_whole_kidney_marrow_srr5810884,SRR5810884,s3://olgabot-maca/sra/danio_rerio/smart-seq/whole_kidney_marrow_prjna393431/
danio_rerio_smart-seq_whole_kidney_marrow_srr5810885,SRR5810885,s3://olgabot-maca/sra/danio_rerio/smart-seq/whole_kidney_marrow_prjna393431/
danio_rerio_smart-seq_whole_kidney_marrow_srr5810886,SRR5810886,s3://olgabot-maca/sra/danio_rerio/smart-seq/whole_kidney_marrow_prjna393431/
danio_rerio_smart-seq_whole_kidney_marrow_srr5810887,SRR5810887,s3://olgabot-maca/sra/danio_rerio/smart-seq/whole_kidney_marrow_prjna393431/
danio_rerio_smart-seq_whole_kidney_marrow_srr5810888,SRR5810888,s3://olgabot-maca/sra/danio_rerio/smart-seq/whole_kidney_marrow_prjna393431/
danio_rerio_smart-seq_whole_kidney_marrow_srr5810889,SRR5810889,s3://olgabot-maca/sra/danio_rerio/smart-seq/whole_kidney_marrow_prjna393431/
danio_rerio_smart-seq_whole_kidney_marrow_srr5810890,SRR5810890,s3://olgabot-maca/sra/danio_rerio/smart-seq/whole_kidney_marrow_prjna393431/
danio_rerio_smart-seq_whole_kidney_marrow_srr5810891,SRR5810891,s3://olgabot-maca/sra/danio_rerio/smart-seq/whole_kidney_marrow_prjna393431/
danio_rerio_smart-seq_whole_kidney_marrow_srr5810892,SRR5810892,s3://olgabot-maca/sra/danio_rerio/smart-seq/whole_kidney_marrow_prjna393431/
danio_rerio_smart-seq_whole_kidney_marrow_srr5810893,SRR5810893,s3://olgabot-maca/sra/danio_rerio/smart-seq/whole_kidney_marrow_prjna393431/
danio_rerio_smart-seq_whole_kidney_marrow_srr5810894,SRR5810894,s3://olgabot-maca/sra/danio_rerio/smart-seq/whole_kidney_marrow_prjna393431/
danio_rerio_smart-seq_whole_kidney_marrow_srr5810895,SRR5810895,s3://olgabot-maca/sra/danio_rerio/smart-seq/whole_kidney_marrow_prjna393431/
danio_rerio_smart-seq_whole_kidney_marrow_srr5810896,SRR5810896,s3://olgabot-maca/sra/danio_rerio/smart-seq/whole_kidney_marrow_prjna393431/
danio_rerio_smart-seq_whole_kidney_marrow_srr5810897,SRR5810897,s3://olgabot-maca/sra/danio_rerio/smart-seq/whole_kidney_marrow_prjna393431/
danio_rerio_smart-seq_whole_kidney_marrow_srr5810898,SRR5810898,s3://olgabot-maca/sra/danio_rerio/smart-seq/whole_kidney_marrow_prjna393431/
danio_rerio_smart-seq_whole_kidney_marrow_srr5810899,SRR5810899,s3://olgabot-maca/sra/danio_rerio/smart-seq/whole_kidney_marrow_prjna393431/
danio_rerio_smart-seq_whole_kidney_marrow_srr5810900,SRR5810900,s3://olgabot-maca/sra/danio_rerio/smart-seq/whole_kidney_marrow_prjna393431/
danio_rerio_smart-seq_whole_kidney_marrow_srr5810901,SRR5810901,s3://olgabot-maca/sra/danio_rerio/smart-seq/whole_kidney_marrow_prjna393431/
danio_rerio_smart-seq_whole_kidney_marrow_srr5810902,SRR5810902,s3://olgabot-maca/sra/danio_rerio/smart-seq/whole_kidney_marrow_prjna393431/
danio_rerio_smart-seq_whole_kidney_marrow_srr5810903,SRR5810903,s3://olgabot-maca/sra/danio_rerio/smart-seq/whole_kidney_marrow_prjna393431/
danio_rerio_smart-seq_whole_kidney_marrow_srr5810904,SRR5810904,s3://olgabot-maca/sra/danio_rerio/smart-seq/whole_kidney_marrow_prjna393431/
danio_rerio_smart-seq_whole_kidney_marrow_srr5810905,SRR5810905,s3://olgabot-maca/sra/danio_rerio/smart-seq/whole_kidney_marrow_prjna393431/
danio_rerio_smart-seq_whole_kidney_marrow_srr5810906,SRR5810906,s3://olgabot-maca/sra/danio_rerio/smart-seq/whole_kidney_marrow_prjna393431/
danio_rerio_smart-seq_whole_kidney_marrow_srr5810907,SRR5810907,s3://olgabot-maca/sra/danio_rerio/smart-seq/whole_kidney_marrow_prjna393431/
danio_rerio_smart-seq_whole_kidney_marrow_srr5810908,SRR5810908,s3://olgabot-maca/sra/danio_rerio/smart-seq/whole_kidney_marrow_prjna393431/
danio_rerio_smart-seq_whole_kidney_marrow_srr5810909,SRR5810909,s3://olgabot-maca/sra/danio_rerio/smart-seq/whole_kidney_marrow_prjna393431/
danio_rerio_smart-seq_whole_kidney_marrow_srr5810910,SRR5810910,s3://olgabot-maca/sra/danio_rerio/smart-seq/whole_kidney_marrow_prjna393431/
danio_rerio_smart-seq_whole_kidney_marrow_srr5810911,SRR5810911,s3://olgabot-maca/sra/danio_rerio/smart-seq/whole_kidney_marrow_prjna393431/
danio_rerio_smart-seq_whole_kidney_marrow_srr5810912,SRR5810912,s3://olgabot-maca/sra/danio_rerio/smart-seq/whole_kidney_marrow_prjna393431/
danio_rerio_smart-seq_whole_kidney_marrow_srr5810913,SRR5810913,s3://olgabot-maca/sra/danio_rerio/smart-seq/whole_kidney_marrow_prjna393431/
danio_rerio_smart-seq_whole_kidney_marrow_srr5810914,SRR5810914,s3://olgabot-maca/sra/danio_rerio/smart-seq/whole_kidney_marrow_prjna393431/
danio_rerio_smart-seq_whole_kidney_marrow_srr5810915,SRR5810915,s3://olgabot-maca/sra/danio_rerio/smart-seq/whole_kidney_marrow_prjna393431/
danio_rerio_smart-seq_whole_kidney_marrow_srr5810916,SRR5810916,s3://olgabot-maca/sra/danio_rerio/smart-seq/whole_kidney_marrow_prjna393431/
danio_rerio_smart-seq_whole_kidney_marrow_srr5810917,SRR5810917,s3://olgabot-maca/sra/danio_rerio/smart-seq/whole_kidney_marrow_prjna393431/
danio_rerio_smart-seq_whole_kidney_marrow_srr5810918,SRR5810918,s3://olgabot-maca/sra/danio_rerio/smart-seq/whole_kidney_marrow_prjna393431/
danio_rerio_smart-seq_whole_kidney_marrow_srr5810919,SRR5810919,s3://olgabot-maca/sra/danio_rerio/smart-seq/whole_kidney_marrow_prjna393431/
danio_rerio_smart-seq_whole_kidney_marrow_srr5810920,SRR5810920,s3://olgabot-maca/sra/danio_rerio/smart-seq/whole_kidney_marrow_prjna393431/
danio_rerio_smart-seq_whole_kidney_marrow_srr5810921,SRR5810921,s3://olgabot-maca/sra/danio_rerio/smart-seq/whole_kidney_marrow_prjna393431/
danio_rerio_smart-seq_whole_kidney_marrow_srr5810922,SRR5810922,s3://olgabot-maca/sra/danio_rerio/smart-seq/whole_kidney_marrow_prjna393431/
danio_rerio_smart-seq_whole_kidney_marrow_srr5810923,SRR5810923,s3://olgabot-maca/sra/danio_rerio/smart-seq/whole_kidney_marrow_prjna393431/
danio_rerio_smart-seq_whole_kidney_marrow_srr5810924,SRR5810924,s3://olgabot-maca/sra/danio_rerio/smart-seq/whole_kidney_marrow_prjna393431/
danio_rerio_smart-seq_whole_kidney_marrow_srr5810925,SRR5810925,s3://olgabot-maca/sra/danio_rerio/smart-seq/whole_kidney_marrow_prjna393431/
danio_rerio_smart-seq_whole_kidney_marrow_srr5810926,SRR5810926,s3://olgabot-maca/sra/danio_rerio/smart-seq/whole_kidney_marrow_prjna393431/
danio_rerio_smart-seq_whole_kidney_marrow_srr5810927,SRR5810927,s3://olgabot-maca/sra/danio_rerio/smart-seq/whole_kidney_marrow_prjna393431/
danio_rerio_smart-seq_whole_kidney_marrow_srr5810928,SRR5810928,s3://olgabot-maca/sra/danio_rerio/smart-seq/whole_kidney_marrow_prjna393431/
danio_rerio_smart-seq_whole_kidney_marrow_srr5810929,SRR5810929,s3://olgabot-maca/sra/danio_rerio/smart-seq/whole_kidney_marrow_prjna393431/
danio_rerio_smart-seq_whole_kidney_marrow_srr5810930,SRR5810930,s3://olgabot-maca/sra/danio_rerio/smart-seq/whole_kidney_marrow_prjna393431/
danio_rerio_smart-seq_whole_kidney_marrow_srr5810931,SRR5810931,s3://olgabot-maca/sra/danio_rerio/smart-seq/whole_kidney_marrow_prjna393431/
danio_rerio_bulk_rna-seq_whole_kidney_marrow_srr5810938,SRR5810938,s3://olgabot-maca/sra/danio_rerio/bulk_rna-seq/whole_kidney_marrow_prjna393430/
danio_rerio_bulk_rna-seq_whole_kidney_marrow_srr5810939,SRR5810939,s3://olgabot-maca/sra/danio_rerio/bulk_rna-seq/whole_kidney_marrow_prjna393430/
danio_rerio_bulk_rna-seq_whole_kidney_marrow_srr5810940,SRR5810940,s3://olgabot-maca/sra/danio_rerio/bulk_rna-seq/whole_kidney_marrow_prjna393430/
danio_rerio_bulk_rna-seq_whole_kidney_marrow_srr5810941,SRR5810941,s3://olgabot-maca/sra/danio_rerio/bulk_rna-seq/whole_kidney_marrow_prjna393430/
danio_rerio_bulk_rna-seq_whole_kidney_marrow_srr5810942,SRR5810942,s3://olgabot-maca/sra/danio_rerio/bulk_rna-seq/whole_kidney_marrow_prjna393430/
danio_rerio_bulk_rna-seq_whole_kidney_marrow_srr5810943,SRR5810943,s3://olgabot-maca/sra/danio_rerio/bulk_rna-seq/whole_kidney_marrow_prjna393430/
danio_rerio_bulk_rna-seq_whole_kidney_marrow_srr5810944,SRR5810944,s3://olgabot-maca/sra/danio_rerio/bulk_rna-seq/whole_kidney_marrow_prjna393430/
danio_rerio_bulk_rna-seq_whole_kidney_marrow_srr5810945,SRR5810945,s3://olgabot-maca/sra/danio_rerio/bulk_rna-seq/whole_kidney_marrow_prjna393430/
danio_rerio_bulk_rna-seq_whole_kidney_marrow_srr5810946,SRR5810946,s3://olgabot-maca/sra/danio_rerio/bulk_rna-seq/whole_kidney_marrow_prjna393430/
danio_rerio_bulk_rna-seq_whole_kidney_marrow_srr5810947,SRR5810947,s3://olgabot-maca/sra/danio_rerio/bulk_rna-seq/whole_kidney_marrow_prjna393430/
danio_rerio_bulk_rna-seq_whole_kidney_marrow_srr5810948,SRR5810948,s3://olgabot-maca/sra/danio_rerio/bulk_rna-seq/whole_kidney_marrow_prjna393430/
danio_rerio_bulk_rna-seq_whole_kidney_marrow_srr5810949,SRR5810949,s3://olgabot-maca/sra/danio_rerio/bulk_rna-seq/whole_kidney_marrow_prjna393430/
